{"cameraMode":{"drawMode":0,"name":"Shaded","section":"Shading Mode"},"sceneLighting":true,"audioPlay":false,"sceneViewState":{"showFog":true,"showMaterialUpdate":false,"showSkybox":true,"showFlares":true,"showImageEffects":true,"showParticleSystems":true},"in2DMode":false,"pivot":{"x":-0.7596525549888611,"y":2.157745838165283,"z":-4.569187641143799},"rotation":{"x":-0.13635163009166718,"y":0.021393466740846635,"z":-0.002945285988971591,"w":-0.9904263019561768},"size":10.0,"orthographic":false}